"","Player","Type_of_goal","Home","Away","Time_of_Evidence","Team","Goal_Time","Penalnty","owngoal"
"6","None",NA,"0","0","0","None",0,0,0
"1","ΠΑΝΤΑΖΟΠΟΥΛΟΣ ΝΙΚΟΛΑΟΣ","","1","0","8'","ΓΚΥΖΙΑΚΟΣ",8,0,0
"4","ΔΗΜΟΣ ΠΑΝΑΓΙΩΤΗΣ","","1","1","14'","ΝΙΚΗ ΑΛΙΜΟΥ",14,0,0
"5","ΜΠΟΥΣΙΟΣ ΣΩΤΗΡΙΟΣ","","2","1","34'","ΓΚΥΖΙΑΚΟΣ",34,0,0
"2","ΜΠΟΥΣΙΟΣ ΣΩΤΗΡΙΟΣ","","3","1","65'","ΓΚΥΖΙΑΚΟΣ",65,0,0
"3","ΜΠΟΥΣΙΟΣ ΣΩΤΗΡΙΟΣ","","4","1","70'","ΓΚΥΖΙΑΚΟΣ",70,0,0
"21","None",NA,"0","0","0","None",0,0,0
"11","ΚΟΡΡΕΣ ΠΑΝΑΓΙΩΤΗΣ","","1","0","25'","ΚΕΡΑΥΝΟΣ ΠΕΤΡ/ΛΗΣ",25,0,0
"51","None",NA,"0","0","0","None",0,0,0
"12","ΑΠΟΣΤΟΛΟΠΟΥΛΟΣ ΑΝΔΡΕΑΣ","","1","0","16'","ΙΑΣΩΝ",16,0,0
"22","ΠΙΠΙΝΗΣ ΣΩΤΗΡΙΟΣ","","2","0","24'","ΙΑΣΩΝ",24,0,0
"31","ΜΠΑΛΛΙΟΣ ΑΝΤΩΝΙΟΣ","","3","0","31'","ΑΟ ΓΛΥΦΑΔΑΣ",31,0,1
"41","ΜΠΑΪΡΑΚΤΑΡΗΣ ΒΑΣΙΛΕΙΟΣ","","4","0","48'","ΙΑΣΩΝ",48,0,0
"32","None",NA,"0","0","0","None",0,0,0
"13","ΜΠΕΛΑΣ ΓΕΩΡΓΙΟΣ","","0","1","55'","ΚΟΥΚΑΚΙ",55,0,0
"23","ΑΣΠΙΩΤΗΣ ΑΝΤΩΝΙΟΣ","","0","2","86'","ΚΟΥΚΑΚΙ",86,0,0
"42","None",NA,"0","0","0","None",0,0,0
"14","ΚΩΝΣΤΑΝΤΙΝΙΔΗΣ ΑΓΓΕΛΟΣ","","1","0","34'","ΠΑΓΚΡΑΤΙ",34,0,0
"24","ΚΩΝΣΤΑΝΤΙΝΙΔΗΣ ΑΓΓΕΛΟΣ","","2","0","47'","ΠΑΓΚΡΑΤΙ",47,0,0
"33","ΞΟΥΡΑΣ ΓΕΩΡΓΙΟΣ","","2","1","72'","ΠΛΑΤΩΝ",72,0,0
"34","None",NA,"0","0","0","None",0,0,0
"15","ΦΑΡΜΑΚΗΣ ΒΑΣΙΛΕΙΟΣ","","0","1","73'","ΚΕΡΑΥΝΟΣ ΠΕΤΡ/ΛΗΣ",73,0,0
"25","ΚΟΡΡΕΣ ΠΑΝΑΓΙΩΤΗΣ","","0","2","91'","ΚΕΡΑΥΝΟΣ ΠΕΤΡ/ΛΗΣ",91,0,0
"52","None",NA,"0","0","0","None",0,0,0
"43","ΜΙΧΑΣ ΑΝΑΣΤΑΣΙΟΣ","","0","1","21'","ΠΟΣΕΙΔΩΝΑΣ ΓΛΥΦΑΔΑΣ",21,0,0
"35","ΔΗΜΟΣ ΠΑΝΑΓΙΩΤΗΣ","","1","1","30'","ΝΙΚΗ ΑΛΙΜΟΥ",30,0,0
"26","ΜΑΥΡΙΔΗΣ ΑΓΓΕΛΟΣ","","1","2","52'","ΠΟΣΕΙΔΩΝΑΣ ΓΛΥΦΑΔΑΣ",52,0,0
"16","ΛΑΑΡΟΥΣΙ ΣΑΜΜΙ","","2","2","76'","ΝΙΚΗ ΑΛΙΜΟΥ",76,0,0
"53","None",NA,"0","0","0","None",0,0,0
"36","ΜΠΟΥΣΙΟΣ ΣΩΤΗΡΙΟΣ","","0","1","61'","ΓΚΥΖΙΑΚΟΣ",61,0,0
"17","ΜΠΟΥΣΙΟΣ ΣΩΤΗΡΙΟΣ","","0","2","65'","ΓΚΥΖΙΑΚΟΣ",65,0,0
"27","ΦΑΡΡΟΥΚΟΥ ΡΕΝΤΙΑΝ","(πέναλτυ)","1","2","72'","ΛΑΡΙΣΑΪΚΟΣ",72,1,0
"44","ΜΠΟΥΣΙΟΣ ΣΩΤΗΡΙΟΣ","","1","3","90'","ΓΚΥΖΙΑΚΟΣ",90,0,0
"37","None",NA,"0","0","0","None",0,0,0
"18","ΑΠΟΣΤΟΛΟΠΟΥΛΟΣ ΑΝΔΡΕΑΣ","","0","1","3'","ΙΑΣΩΝ",3,0,0
"28","ΑΠΟΣΤΟΛΟΠΟΥΛΟΣ ΑΝΔΡΕΑΣ","","0","2","69'","ΙΑΣΩΝ",69,0,0
"45","None",NA,"0","0","0","None",0,0,0
"19","ΞΕΝΟΠΟΥΛΟΣ ΠΑΥΛΟΣ","","0","1","1'","ΠΑΓΚΡΑΤΙ",1,0,0
"29","ΑΚΡΙΤΙΔΗΣ ΧΡΗΣΤΟΣ","","0","2","47'","ΠΑΓΚΡΑΤΙ",47,0,0
"38","ΚΩΝΣΤΑΝΤΙΝΙΔΗΣ ΑΓΓΕΛΟΣ","","0","3","70'","ΠΑΓΚΡΑΤΙ",70,0,0
"54","None",NA,"0","0","0","None",0,0,0
"110","ΚΟΥΡΟΥΠΑΚΗΣ ΛΑΜΠΡΟΣ","","1","0","42'","ΠΑΓΚΡΑΤΙ",42,0,0
"210","ΝΑΝΟΣ ΝΙΚΟΛΑΟΣ","","2","0","45'","ΠΑΓΚΡΑΤΙ",45,0,0
"39","SPAHI LUIS","(πέναλτυ)","2","1","90'","ΑΟ ΓΛΥΦΑΔΑΣ",90,1,0
"46","ΑΚΡΙΤΙΔΗΣ ΧΡΗΣΤΟΣ","","3","1","93'","ΠΑΓΚΡΑΤΙ",93,0,0
"55","None",NA,"0","0","0","None",0,0,0
"47","ΒΑΛΜΑΣ ΚΩΝΣΤΑΝΤΙΝΟΣ","","0","1","3'","ΚΟΥΚΑΚΙ",3,0,0
"310","ΜΠΑΪΛΟΣ ΘΕΟΔΩΡΟΣ","","1","1","5'","ΚΕΡΑΥΝΟΣ ΠΕΤΡ/ΛΗΣ",5,0,0
"211","ΜΠΕΛΑΣ ΓΕΩΡΓΙΟΣ","","1","2","42'","ΚΟΥΚΑΚΙ",42,0,0
"111","ΚΑΤΗΦΟΡΗΣ ΕΥΣΤΑΘΙΟΣ","","2","2","67'","ΚΕΡΑΥΝΟΣ ΠΕΤΡ/ΛΗΣ",67,0,0
"311","None",NA,"0","0","0","None",0,0,0
"112","ΓΚΟΥΛΗΣ ΣΑΒΒΑΣ","","0","1","17'","ΛΑΡΙΣΑΪΚΟΣ",17,0,0
"212","ΜΑΥΡΙΔΗΣ ΑΓΓΕΛΟΣ","","1","1","43'","ΠΟΣΕΙΔΩΝΑΣ ΓΛΥΦΑΔΑΣ",43,0,0
"48","None",NA,"0","0","0","None",0,0,0
"113","ΑΝΤΑΛΗΣ ΧΑΡΑΛΑΜΠΟΣ","(πέναλτυ)","1","0","37'","ΙΑΣΩΝ",37,1,0
"213","ΜΠΕΚΑΤΩΡΟΣ ΑΝΔΡΕΑΣ","","2","0","52'","ΙΑΣΩΝ",52,0,0
"312","ΑΝΤΑΛΗΣ ΧΑΡΑΛΑΜΠΟΣ","","3","0","78'","ΙΑΣΩΝ",78,0,0
"8","None",NA,"0","0","0","None",0,0,0
"56","ΓΚΙΡΛΕΜΗΣ ΑΓΑΘΑΓΓΕΛΟΣ","","0","1","17'","ΠΑΝΘΗΣΕΙΑΚΟΣ",17,0,0
"114","ΜΠΟΥΝΤΟ ΚΟΥΤΜΠΙ","","0","2","29'","ΠΑΝΘΗΣΕΙΑΚΟΣ",29,0,0
"214","ΝΑΣΟΠΟΥΛΟΣ ΚΩΝΣΤΑΝΤΙΝΟΣ","","0","3","32'","ΠΑΝΘΗΣΕΙΑΚΟΣ",32,0,0
"313","ΨΑΡΟΥΔΑΚΗΣ ΚΩΝΣΤΑΝΤΙΝΟΣ","","1","3","42'","ΠΛΑΤΩΝ",42,0,0
"49","ΑΝΑΓΝΩΣΤΗΣ ΧΡΗΣΤΟΣ","","2","3","61'","ΠΛΑΤΩΝ",61,0,0
"61","ΘΕΟΧΑΡΟΠΟΥΛΟΣ ΓΕΩΡΓΙΟΣ","","2","4","79'","ΠΑΝΘΗΣΕΙΑΚΟΣ",79,0,0
"7","ΜΠΟΥΝΤΟ ΚΟΥΤΜΠΙ","","2","5","89'","ΠΑΝΘΗΣΕΙΑΚΟΣ",89,0,0
"215","None",NA,"0","0","0","None",0,0,0
"115","ΜΠΑΪΛΟΣ ΘΕΟΔΩΡΟΣ","","0","1","17'","ΚΕΡΑΥΝΟΣ ΠΕΤΡ/ΛΗΣ",17,0,0
"57","None",NA,"0","0","0","None",0,0,0
"314","ΛΑΜΠΟΣ ΓΕΩΡΓΙΟΣ","","0","1","35'","ΠΛΑΤΩΝ",35,0,0
"116","ΨΑΡΟΥΔΑΚΗΣ ΚΩΝΣΤΑΝΤΙΝΟΣ","","0","2","42'","ΠΛΑΤΩΝ",42,0,0
"216","ΜΙΧΑΗΛ ΕΥΘΥΜΗΣ","","1","2","45'","ΑΟ ΓΛΥΦΑΔΑΣ",45,0,0
"410","ΨΑΡΟΥΔΑΚΗΣ ΚΩΝΣΤΑΝΤΙΝΟΣ","","1","3","70'","ΠΛΑΤΩΝ",70,0,0
"315","None",NA,"0","0","0","None",0,0,0
"117","ΑΣΠΙΩΤΗΣ ΑΝΤΩΝΙΟΣ","","1","0","48'","ΚΟΥΚΑΚΙ",48,0,0
"217","ΚΩΝΣΤΑΝΤΙΝΙΔΗΣ ΑΓΓΕΛΟΣ","","1","1","58'","ΠΑΓΚΡΑΤΙ",58,0,0
"10","None",NA,"0","0","0","None",0,0,0
"118","ΤΣΙΑΡΟΣ ΑΧΙΛΛΕΑΣ","","1","0","4'","ΓΚΥΖΙΑΚΟΣ",4,0,0
"218","ΤΣΙΩΛΗΣ ΑΠΟΣΤΟΛΟΣ","","2","0","6'","ΓΚΥΖΙΑΚΟΣ",6,0,0
"316","ΜΠΟΥΣΙΟΣ ΣΩΤΗΡΙΟΣ","","3","0","8'","ΓΚΥΖΙΑΚΟΣ",8,0,0
"411","ΚΑΒΒΑΔΙΑΣ ΚΩΝΣΤΑΝΤΙΝΟΣ","","4","0","28'","ΓΚΥΖΙΑΚΟΣ",28,0,0
"58","ΜΠΟΥΣΙΟΣ ΣΩΤΗΡΙΟΣ","","5","0","29'","ΓΚΥΖΙΑΚΟΣ",29,0,0
"62","ΚΟΝΤΙΔΗΣ ΛΑΜΠΡΟΣ","","6","0","34'","ΓΚΥΖΙΑΚΟΣ",34,0,0
"71","ΜΠΟΥΣΙΟΣ ΣΩΤΗΡΙΟΣ","","7","0","51'","ΓΚΥΖΙΑΚΟΣ",51,0,0
"81","ΤΣΙΩΛΗΣ ΑΠΟΣΤΟΛΟΣ","","8","0","55'","ΓΚΥΖΙΑΚΟΣ",55,0,0
"9","ΛΑΖΑΡΙΔΗΣ ΚΥΡΙΑΚΟΣ","","9","0","68'","ΓΚΥΖΙΑΚΟΣ",68,0,0
"91","None",NA,"0","0","0","None",0,0,0
"119","ΜΠΑΪΡΑΚΤΑΡΗΣ ΒΑΣΙΛΕΙΟΣ","","0","1","5'","ΙΑΣΩΝ",5,0,0
"219","ΚΩΣΤΑΣ ΞΥΛΑΣ ΙΩΑΝΝΗΣ","","1","1","6'","ΛΑΡΙΣΑΪΚΟΣ",6,0,0
"317","ΑΝΤΑΛΗΣ ΧΑΡΑΛΑΜΠΟΣ","","1","2","18'","ΙΑΣΩΝ",18,0,0
"412","ΑΠΟΣΤΟΛΟΠΟΥΛΟΣ ΑΝΔΡΕΑΣ","","1","3","26'","ΙΑΣΩΝ",26,0,0
"59","ΑΝΤΑΛΗΣ ΧΑΡΑΛΑΜΠΟΣ","","1","4","56'","ΙΑΣΩΝ",56,0,0
"63","ΑΠΟΣΤΟΛΟΠΟΥΛΟΣ ΑΝΔΡΕΑΣ","","1","5","60'","ΙΑΣΩΝ",60,0,0
"72","ΔΡΟΣΟΣ ΜΑΡΙΟΣ","","1","6","78'","ΙΑΣΩΝ",78,0,0
"82","ΑΠΟΣΤΟΛΟΠΟΥΛΟΣ ΑΝΔΡΕΑΣ","","1","7","82'","ΙΑΣΩΝ",82,0,0
"318","None",NA,"0","0","0","None",0,0,0
"120","ΠΛΑΚΑΣ ΠΑΥΛΟΣ ΕΦΡΑΙΜ","","1","0","13'","ΠΑΝΘΗΣΕΙΑΚΟΣ",13,0,0
"220","ΘΕΟΧΑΡΟΠΟΥΛΟΣ ΓΕΩΡΓΙΟΣ","(πέναλτυ)","2","0","51'","ΠΑΝΘΗΣΕΙΑΚΟΣ",51,1,0
"413","None",NA,"0","0","0","None",0,0,0
"121","ΒΑΛΜΑΣ ΚΩΝΣΤΑΝΤΙΝΟΣ","","0","1","36'","ΚΟΥΚΑΚΙ",36,0,0
"221","ΜΠΕΛΑΣ ΓΕΩΡΓΙΟΣ","","0","2","63'","ΚΟΥΚΑΚΙ",63,0,0
"319","ΒΑΛΜΑΣ ΚΩΝΣΤΑΝΤΙΝΟΣ","","0","3","77'","ΚΟΥΚΑΚΙ",77,0,0
"122","None",NA,"0","0","0","None",0,0,0
"510","None",NA,"0","0","0","None",0,0,0
"123","ΚΟΥΡΟΥΠΑΚΗΣ ΛΑΜΠΡΟΣ","","1","0","43'","ΠΑΓΚΡΑΤΙ",43,0,0
"320","ΓΙΑΟΥΠΑΙ ΛΕΝΤΙΑΝ","","1","1","50'","ΝΙΚΗ ΑΛΙΜΟΥ",50,0,0
"414","ΚΩΝΣΤΑΝΤΙΝΙΔΗΣ ΑΓΓΕΛΟΣ","","2","1","74'","ΠΑΓΚΡΑΤΙ",74,0,0
"222","ΚΩΝΣΤΑΝΤΙΝΙΔΗΣ ΑΓΓΕΛΟΣ","","3","1","88'","ΠΑΓΚΡΑΤΙ",88,0,0
"321","None",NA,"0","0","0","None",0,0,0
"124","ΛΑΖΑΡΙΔΗΣ ΚΥΡΙΑΚΟΣ","","0","1","68'","ΓΚΥΖΙΑΚΟΣ",68,0,0
"223","ΜΠΟΥΣΙΟΣ ΣΩΤΗΡΙΟΣ","","0","2","92'","ΓΚΥΖΙΑΚΟΣ",92,0,0
"322","None",NA,"0","0","0","None",0,0,0
"125","ΜΠΕΛΑΣ ΓΕΩΡΓΙΟΣ","","1","0","65'","ΚΟΥΚΑΚΙ",65,0,0
"224","ΘΕΟΧΑΡΟΠΟΥΛΟΣ ΓΕΩΡΓΙΟΣ","(πέναλτυ)","1","1","89'","ΠΑΝΘΗΣΕΙΑΚΟΣ",89,1,0
"323","None",NA,"0","0","0","None",0,0,0
"126","ΛΑΑΡΟΥΣΙ ΣΑΜΜΙ","","1","0","2'","ΝΙΚΗ ΑΛΙΜΟΥ",2,0,0
"225","ΓΕΩΡΓΑΡΑΚΟΣ ΚΩΝΣΤΑΝΤΙΝΟΣ","","2","0","89'","ΝΙΚΗ ΑΛΙΜΟΥ",89,0,0
"83","None",NA,"0","0","0","None",0,0,0
"127","ΓΚΡΙΤΖΑΛΗΣ ΑΡΙΣΤΕΙΔΗΣ","","1","0","15'","ΠΟΣΕΙΔΩΝΑΣ ΓΛΥΦΑΔΑΣ",15,0,0
"226","ΠΙΠΙΝΗΣ ΣΩΤΗΡΙΟΣ","","1","1","31'","ΙΑΣΩΝ",31,0,0
"324","ΑΝΤΑΛΗΣ ΧΑΡΑΛΑΜΠΟΣ","","1","2","42'","ΙΑΣΩΝ",42,0,0
"415","ΣΟΥΒΑΤΖΗΣ ΙΩΑΚΕΙΜ","","2","2","65'","ΠΟΣΕΙΔΩΝΑΣ ΓΛΥΦΑΔΑΣ",65,0,0
"511","ΚΑΛΑΝΤΖΗΣ ΝΙΚΟΛΑΟΣ","","3","2","73'","ΠΟΣΕΙΔΩΝΑΣ ΓΛΥΦΑΔΑΣ",73,0,0
"64","ΔΡΟΣΟΣ ΜΑΡΙΟΣ","","3","3","82'","ΙΑΣΩΝ",82,0,0
"73","ΔΡΟΣΟΣ ΜΑΡΙΟΣ","","3","4","88'","ΙΑΣΩΝ",88,0,0
"65","None",NA,"0","0","0","None",0,0,0
"128","ΚΑΒΒΑΔΙΑΣ ΚΩΝΣΤΑΝΤΙΝΟΣ","","1","0","29'","ΓΚΥΖΙΑΚΟΣ",29,0,0
"227","ΜΠΑΚΑΣ ΝΙΚΟΛΑΟΣ","","1","1","44'","ΚΕΡΑΥΝΟΣ ΠΕΤΡ/ΛΗΣ",44,0,0
"325","ΜΠΑΪΛΟΣ ΘΕΟΔΩΡΟΣ","","1","2","45'","ΚΕΡΑΥΝΟΣ ΠΕΤΡ/ΛΗΣ",45,0,0
"416","ΤΣΙΑΡΟΣ ΑΧΙΛΛΕΑΣ","","2","2","78'","ΓΚΥΖΙΑΚΟΣ",78,0,0
"512","ΦΙΛΟΣ ΦΙΛΙΠΠΟΣ","","3","2","90'","ΓΚΥΖΙΑΚΟΣ",90,0,0
"74","None",NA,"0","0","0","None",0,0,0
"129","ΓΚΟΥΛΗΣ ΣΑΒΒΑΣ","","1","0","24'","ΛΑΡΙΣΑΪΚΟΣ",24,0,0
"228","ΚΩΝΣΤΑΝΤΙΝΙΔΗΣ ΑΓΓΕΛΟΣ","","1","1","36'","ΠΑΓΚΡΑΤΙ",36,0,0
"66","ΑΚΡΙΤΙΔΗΣ ΧΡΗΣΤΟΣ","","1","2","38'","ΠΑΓΚΡΑΤΙ",38,0,0
"417","ΠΑΠΑΘΕΟΔΩΡΙΔΗΣ ΚΩΝΣΤΑΝΤΙΝΟΣ","","2","2","45'","ΛΑΡΙΣΑΪΚΟΣ",45,0,0
"326","ΑΚΡΙΤΙΔΗΣ ΧΡΗΣΤΟΣ","","2","3","49'","ΠΑΓΚΡΑΤΙ",49,0,0
"513","ΣΑΚΑΡΤΖΗΣ ΦΩΤΙΟΣ","","3","3","51'","ΛΑΡΙΣΑΪΚΟΣ",51,0,0
"418","None",NA,"0","0","0","None",0,0,0
"130","ΑΣΠΙΩΤΗΣ ΑΝΤΩΝΙΟΣ","","0","1","28'","ΚΟΥΚΑΚΙ",28,0,0
"229","ΜΠΑΣΑ ΜΑΤΕΟΣ","(πέναλτυ)","0","2","56'","ΚΟΥΚΑΚΙ",56,1,0
"327","ΑΣΠΙΩΤΗΣ ΑΝΤΩΝΙΟΣ","","0","3","65'","ΚΟΥΚΑΚΙ",65,0,0
"419","None",NA,"0","0","0","None",0,0,0
"230","ΛΑΣΗΘΙΩΤΑΚΗΣ ΛΕΩΝΙΔΑΣ","","0","1","20'","ΝΙΚΗ ΑΛΙΜΟΥ",20,0,0
"328","ΠΛΑΚΑΣ ΠΑΥΛΟΣ ΕΦΡΑΙΜ","","1","1","31'","ΠΑΝΘΗΣΕΙΑΚΟΣ",31,0,0
"131","ΓΚΙΡΛΕΜΗΣ ΑΓΑΘΑΓΓΕΛΟΣ","","2","1","51'","ΠΑΝΘΗΣΕΙΑΚΟΣ",51,0,0
"329","None",NA,"0","0","0","None",0,0,0
"132","ΜΠΑΚΑΣ ΝΙΚΟΛΑΟΣ","","1","0","14'","ΚΕΡΑΥΝΟΣ ΠΕΤΡ/ΛΗΣ",14,0,0
"231","ΤΣΑΟΥΣΗΣ ΑΛΕΞΑΝΔΡΟΣ","","2","0","26'","ΚΕΡΑΥΝΟΣ ΠΕΤΡ/ΛΗΣ",26,0,0
"232","None",NA,"0","0","0","None",0,0,0
"133","ΠΑΝΤΖΙ ΣΕΝΤΙΛΙΑΝΟ","","0","1","23'","ΓΚΥΖΙΑΚΟΣ",23,0,0
"330","None",NA,"0","0","0","None",0,0,0
"134","ΨΑΡΟΥΔΑΚΗΣ ΚΩΝΣΤΑΝΤΙΝΟΣ","","1","0","36'","ΠΛΑΤΩΝ",36,0,0
"233","ΛΑΜΠΟΣ ΓΕΩΡΓΙΟΣ","","2","0","88'","ΠΛΑΤΩΝ",88,0,0
"234","None",NA,"0","0","0","None",0,0,0
"135","ΔΗΜΟΣ ΠΑΝΑΓΙΩΤΗΣ","","1","0","59'","ΝΙΚΗ ΑΛΙΜΟΥ",59,0,0
"331","None",NA,"0","0","0","None",0,0,0
"136","ΑΝΤΑΛΗΣ ΧΑΡΑΛΑΜΠΟΣ","(πέναλτυ)","1","0","47'","ΙΑΣΩΝ",47,1,0
"235","ΑΠΟΣΤΟΛΟΠΟΥΛΟΣ ΑΝΔΡΕΑΣ","","2","0","79'","ΙΑΣΩΝ",79,0,0
"514","None",NA,"0","0","0","None",0,0,0
"137","ΠΑΠΠΑΣ ΜΙΧΑΗΛ ΑΓΓΕΛΟΣ","","0","1","20'","ΠΑΓΚΡΑΤΙ",20,0,0
"236","ΠΑΠΠΑΣ ΜΙΧΑΗΛ ΑΓΓΕΛΟΣ","","0","2","31'","ΠΑΓΚΡΑΤΙ",31,0,0
"332","ΚΩΝΣΤΑΝΤΙΝΙΔΗΣ ΑΓΓΕΛΟΣ","(πέναλτυ)","0","3","62'","ΠΑΓΚΡΑΤΙ",62,1,0
"420","ΚΟΥΡΟΥΠΑΚΗΣ ΛΑΜΠΡΟΣ","","0","4","65'","ΠΑΓΚΡΑΤΙ",65,0,0
"421","None",NA,"0","0","0","None",0,0,0
"138","ΛΑΖΑΡΙΔΗΣ ΚΥΡΙΑΚΟΣ","","1","0","10'","ΓΚΥΖΙΑΚΟΣ",10,0,0
"237","ΚΟΛΟΒΟΣ ΝΙΚΟΛΑΟΣ","","2","0","42'","ΓΚΥΖΙΑΚΟΣ",42,0,0
"333","ΚΑΒΒΑΔΙΑΣ ΚΩΝΣΤΑΝΤΙΝΟΣ","","3","0","75'","ΓΚΥΖΙΑΚΟΣ",75,0,0
"84","None",NA,"0","0","0","None",0,0,0
"139","ΓΚΙΡΛΕΜΗΣ ΑΓΑΘΑΓΓΕΛΟΣ","","0","1","3'","ΠΑΝΘΗΣΕΙΑΚΟΣ",3,0,0
"238","ΘΕΟΧΑΡΟΠΟΥΛΟΣ ΓΕΩΡΓΙΟΣ","","0","2","8'","ΠΑΝΘΗΣΕΙΑΚΟΣ",8,0,0
"334","ΘΕΟΧΑΡΟΠΟΥΛΟΣ ΓΕΩΡΓΙΟΣ","","0","3","12'","ΠΑΝΘΗΣΕΙΑΚΟΣ",12,0,0
"422","ΘΕΟΧΑΡΟΠΟΥΛΟΣ ΓΕΩΡΓΙΟΣ","","0","4","16'","ΠΑΝΘΗΣΕΙΑΚΟΣ",16,0,0
"515","ΠΛΑΚΑΣ ΠΑΥΛΟΣ ΕΦΡΑΙΜ","","0","5","61'","ΠΑΝΘΗΣΕΙΑΚΟΣ",61,0,0
"67","ΠΛΑΚΑΣ ΠΑΥΛΟΣ ΕΦΡΑΙΜ","","0","6","71'","ΠΑΝΘΗΣΕΙΑΚΟΣ",71,0,0
"75","ΠΛΑΚΑΣ ΠΑΥΛΟΣ ΕΦΡΑΙΜ","(πέναλτυ)","0","7","81'","ΠΑΝΘΗΣΕΙΑΚΟΣ",81,1,0
"423","None",NA,"0","0","0","None",0,0,0
"140","ΚΩΣΤΑΚΟΣ ΑΘΑΝΑΣΙΟΣ","","1","0","12'","ΚΟΥΚΑΚΙ",12,0,0
"239","ΚΩΣΤΑΚΟΣ ΑΘΑΝΑΣΙΟΣ","","2","0","15'","ΚΟΥΚΑΚΙ",15,0,0
"335","ΜΠΕΛΑΣ ΓΕΩΡΓΙΟΣ","","3","0","59'","ΚΟΥΚΑΚΙ",59,0,0
"68","None",NA,"0","0","0","None",0,0,0
"336","ΚΕΡΑΣΙΩΤΗΣ ΠΕΤΡΟΣ","","0","1","12'","ΙΑΣΩΝ",12,0,0
"424","ΞΕΝΟΠΟΥΛΟΣ ΠΑΥΛΟΣ","","1","1","36'","ΠΑΓΚΡΑΤΙ",36,0,0
"141","ΚΩΝΣΤΑΝΤΙΝΙΔΗΣ ΑΓΓΕΛΟΣ","","2","1","45'","ΠΑΓΚΡΑΤΙ",45,0,0
"240","ΚΩΝΣΤΑΝΤΙΝΙΔΗΣ ΑΓΓΕΛΟΣ","","3","1","73'","ΠΑΓΚΡΑΤΙ",73,0,0
"516","ΜΠΑΪΡΑΚΤΑΡΗΣ ΒΑΣΙΛΕΙΟΣ","","3","2","77'","ΙΑΣΩΝ",77,0,0
"337","None",NA,"0","0","0","None",0,0,0
"142","ΚΟΡΦΙΑΤΗΣ ΑΛΕΞΑΝΔΡΟΣ","","1","0","44'","ΠΛΑΤΩΝ",44,0,0
"241","ΣΟΥΒΑΤΖΗΣ ΙΩΑΚΕΙΜ","","1","1","52'","ΠΟΣΕΙΔΩΝΑΣ ΓΛΥΦΑΔΑΣ",52,0,0
"425","None",NA,"0","0","0","None",0,0,0
"143","ΘΕΟΧΑΡΟΠΟΥΛΟΣ ΓΕΩΡΓΙΟΣ","(πέναλτυ)","1","0","15'","ΠΑΝΘΗΣΕΙΑΚΟΣ",15,1,0
"242","ΚΟΛΟΒΟΣ ΝΙΚΟΛΑΟΣ","","1","1","37'","ΓΚΥΖΙΑΚΟΣ",37,0,0
"338","ΚΟΝΤΙΔΗΣ ΛΑΜΠΡΟΣ","(πέναλτυ)","1","2","83'","ΓΚΥΖΙΑΚΟΣ",83,1,0
"339","None",NA,"0","0","0","None",0,0,0
"144","ΚΟΓΙΑΣ ΛΕΟΝΑΡΔΟΣ","(πέναλτυ)","1","0","3'","ΑΟ ΓΛΥΦΑΔΑΣ",3,1,0
"243","ΚΩΣΤΑΣ ΞΥΛΑΣ ΙΩΑΝΝΗΣ","","1","1","72'","ΛΑΡΙΣΑΪΚΟΣ",72,0,0
"426","None",NA,"0","0","0","None",0,0,0
"340","ΑΚΡΙΤΙΔΗΣ ΧΡΗΣΤΟΣ","","0","1","26'","ΠΑΓΚΡΑΤΙ",26,0,0
"145","ΣΤΕΡΓΙΟΠΟΥΛΟΣ ΚΑΝΤΙΩ ΧΡΙΣΤΟΣ","","0","2","44'","ΠΑΓΚΡΑΤΙ",44,0,0
"244","ΚΑΤΗΦΟΡΗΣ ΕΥΣΤΑΘΙΟΣ","","1","2","48'","ΚΕΡΑΥΝΟΣ ΠΕΤΡ/ΛΗΣ",48,0,0
"427","None",NA,"0","0","0","None",0,0,0
"146","ΑΠΟΣΤΟΛΟΠΟΥΛΟΣ ΑΝΔΡΕΑΣ","","1","0","52'","ΙΑΣΩΝ",52,0,0
"245","ΓΚΟΓΚΑΣ ΠΑΝΑΓΙΩΤΗΣ","","2","0","67'","ΙΑΣΩΝ",67,0,0
"341","ΜΠΡΑΒΟΣ ΝΙΚΟΛΑΟΣ","","3","0","69'","ΙΑΣΩΝ",69,0,0
"428","None",NA,"0","0","0","None",0,0,0
"147","ΓΚΙΡΛΕΜΗΣ ΑΓΑΘΑΓΓΕΛΟΣ","","0","1","20'","ΠΑΝΘΗΣΕΙΑΚΟΣ",20,0,0
"246","ΜΠΟΥΝΤΟ ΚΟΥΤΜΠΙ","","0","2","28'","ΠΑΝΘΗΣΕΙΑΚΟΣ",28,0,0
"342","ΘΕΟΧΑΡΟΠΟΥΛΟΣ ΓΕΩΡΓΙΟΣ","","0","3","35'","ΠΑΝΘΗΣΕΙΑΚΟΣ",35,0,0
"517","None",NA,"0","0","0","None",0,0,0
"148","ΚΟΛΟΒΟΣ ΝΙΚΟΛΑΟΣ","","1","0","38'","ΓΚΥΖΙΑΚΟΣ",38,0,0
"247","ΦΙΛΟΣ ΦΙΛΙΠΠΟΣ","","2","0","44'","ΓΚΥΖΙΑΚΟΣ",44,0,0
"343","ΦΙΛΟΣ ΦΙΛΙΠΠΟΣ","","3","0","48'","ΓΚΥΖΙΑΚΟΣ",48,0,0
"429","ΜΠΟΥΣΙΟΣ ΣΩΤΗΡΙΟΣ","","4","0","78'","ΓΚΥΖΙΑΚΟΣ",78,0,0
"430","None",NA,"0","0","0","None",0,0,0
"149","ΚΑΡΑΒΕΖΥΡΗΣ ΑΛΕΞΑΝΔΡΟΣ","","0","1","5'","ΚΟΥΚΑΚΙ",5,0,0
"248","ΑΝΔΡΕΟΥ ΠΑΝΑΓΙΩΤΗΣ","","0","2","42'","ΚΟΥΚΑΚΙ",42,0,0
"344","ΑΝΔΡΕΟΥ ΠΑΝΑΓΙΩΤΗΣ","","0","3","80'","ΚΟΥΚΑΚΙ",80,0,0
"249","None",NA,"0","0","0","None",0,0,0
"150","ΒΑΛΜΑΣ ΚΩΝΣΤΑΝΤΙΝΟΣ","","1","0","78'","ΚΟΥΚΑΚΙ",78,0,0
"69","None",NA,"0","0","0","None",0,0,0
"431","ΜΑΥΡΙΔΗΣ ΑΓΓΕΛΟΣ","","0","1","7'","ΠΟΣΕΙΔΩΝΑΣ ΓΛΥΦΑΔΑΣ",7,0,0
"345","ΤΑΣΗΣ ΜΙΧΑΗΛ","","1","1","14'","ΑΟ ΓΛΥΦΑΔΑΣ",14,0,0
"250","ΜΑΥΡΙΔΗΣ ΑΓΓΕΛΟΣ","(πέναλτυ)","1","2","24'","ΠΟΣΕΙΔΩΝΑΣ ΓΛΥΦΑΔΑΣ",24,1,0
"151","ΧΥΚΑ ΚΩΝΣΤΑΝΤΙΝΟ","","2","2","27'","ΑΟ ΓΛΥΦΑΔΑΣ",27,0,0
"518","ΜΑΥΡΙΔΗΣ ΑΓΓΕΛΟΣ","","2","3","87'","ΠΟΣΕΙΔΩΝΑΣ ΓΛΥΦΑΔΑΣ",87,0,0
"251","None",NA,"0","0","0","None",0,0,0
"152","ΘΕΟΧΑΡΟΠΟΥΛΟΣ ΓΕΩΡΓΙΟΣ","","1","0","49'","ΠΑΝΘΗΣΕΙΑΚΟΣ",49,0,0
"346","None",NA,"0","0","0","None",0,0,0
"153","ΠΕΡΑΜΕΡΙΤΗΣ ΙΩΑΝΝΗΣ","(πέναλτυ)","0","1","56'","ΚΕΡΑΥΝΟΣ ΠΕΤΡ/ΛΗΣ",56,1,0
"252","ΚΑΡΑΪ ΑΝΤΡΙΑΝ","","0","2","83'","ΚΕΡΑΥΝΟΣ ΠΕΤΡ/ΛΗΣ",83,0,0
